sensor_id,location_id,temperature,timestamp
539,5,193.8585402579092,2025-03-30 00:04:02
530,5,98.58287008988916,2025-03-30 00:44:48
560,5,244.81394441774793,2025-03-30 00:08:40
296,2,119.56546314763875,2025-03-30 00:11:25
437,4,70.12953296906488,2025-03-30 00:56:24
576,5,94.47292104797873,2025-03-30 00:15:09
292,2,143.4559449242537,2025-03-30 00:32:57
314,3,175.3939522030588,2025-03-30 00:10:07
185,1,139.38850562981304,2025-03-30 00:12:33
221,2,41.633895431293766,2025-03-30 00:42:55
312,3,21.888693106008418,2025-03-30 00:15:07
327,3,225.72272367912655,2025-03-30 00:27:55
406,4,184.3455427433641,2025-03-30 00:49:13
354,3,217.8218888377881,2025-03-30 00:40:17
346,3,114.98918850673319,2025-03-30 00:27:33
269,2,213.44037309529529,2025-03-30 00:46:14
175,1,32.069370910265,2025-03-30 00:35:20
300,3,47.92815532384357,2025-03-30 00:39:18
350,3,31.67857367119363,2025-03-30 00:13:44
222,2,106.7581029712778,2025-03-30 00:20:26
447,4,219.421275382171,2025-03-30 00:23:06
318,3,119.26343758591922,2025-03-30 00:47:11
291,2,232.41543990137598,2025-03-30 00:51:35
250,2,195.82505756985097,2025-03-30 00:47:26
447,4,141.53071107785212,2025-03-30 00:11:14
546,5,157.1544240400392,2025-03-30 00:01:38
407,4,182.520199828711,2025-03-30 00:01:31
504,5,162.617652220512,2025-03-30 00:47:17
401,4,208.14613172161498,2025-03-30 00:41:54
491,4,55.67613266155122,2025-03-30 00:22:35
105,1,240.1576290656159,2025-03-30 00:09:13
547,5,30.45693522562307,2025-03-30 00:25:35
362,3,152.47287787114908,2025-03-30 00:40:46
503,5,178.07199984077656,2025-03-30 00:59:07
245,2,103.09302353476497,2025-03-30 00:08:18
304,3,211.01271836715676,2025-03-30 00:54:14
468,4,55.00940609561744,2025-03-30 00:15:42
475,4,152.9886030347369,2025-03-30 00:54:41
225,2,172.51982125093735,2025-03-30 00:16:27
136,1,47.27212662437261,2025-03-30 00:55:34
326,3,115.06986020151034,2025-03-30 00:30:30
314,3,104.64795624287464,2025-03-30 00:43:11
373,3,196.70665164334685,2025-03-30 00:24:57
260,2,187.98675008026,2025-03-30 00:17:50
155,1,136.4710407238831,2025-03-30 00:12:30
511,5,230.62719270105956,2025-03-30 00:16:02
315,3,156.16143257078906,2025-03-30 00:19:41
408,4,142.87348679251875,2025-03-30 00:38:28
232,2,142.62623155052054,2025-03-30 00:46:06
546,5,145.2771732716347,2025-03-30 00:13:37
305,3,153.56726605390787,2025-03-30 00:26:15
290,2,167.29716773582751,2025-03-30 00:42:21
374,3,43.859772976382395,2025-03-30 01:00:00
103,1,111.79742380673744,2025-03-30 00:56:16
290,2,53.668297465955725,2025-03-30 00:33:36
192,1,223.79001294730466,2025-03-30 00:44:20
147,1,142.0425683422476,2025-03-30 00:48:57
314,3,227.46167025048987,2025-03-30 00:41:43
539,5,98.38616022116533,2025-03-30 00:17:25
469,4,157.4077872252366,2025-03-30 00:35:25
243,2,190.16757133267993,2025-03-30 00:27:24
206,2,42.84604403359843,2025-03-30 00:48:17
599,5,85.70549670145854,2025-03-30 00:42:58
210,2,134.57799110709564,2025-03-30 00:05:16
448,4,242.0729500127305,2025-03-30 00:53:59
316,3,168.15638375190173,2025-03-30 00:55:12
369,3,159.02584070603058,2025-03-30 00:09:28
577,5,47.12650058737297,2025-03-30 00:28:33
267,2,111.43127022275571,2025-03-30 00:08:03
529,5,122.56157472432552,2025-03-30 00:33:14
395,3,112.44206289786807,2025-03-30 00:30:06
596,5,45.83321415226017,2025-03-30 00:56:04
251,2,92.74590686663905,2025-03-30 00:20:57
223,2,119.42051877915185,2025-03-30 00:50:41
562,5,245.08046512295402,2025-03-30 00:40:48
262,2,212.3318589725193,2025-03-30 00:56:51
335,3,107.25287194195411,2025-03-30 00:08:14
360,3,25.593544069664937,2025-03-30 00:33:32
574,5,59.60210483883364,2025-03-30 00:03:17
187,1,133.63982850609992,2025-03-30 00:58:13
527,5,100.34640422372436,2025-03-30 00:12:14
574,5,142.14570534925548,2025-03-30 00:50:36
431,4,98.87732051970414,2025-03-30 00:47:16
206,2,185.09088485928086,2025-03-30 00:24:37
494,4,79.80542527191679,2025-03-30 00:58:27
461,4,85.12056828060506,2025-03-30 00:21:49
437,4,147.76354625312177,2025-03-30 00:02:40
574,5,202.86466171328377,2025-03-30 00:43:45
484,4,34.18660930503644,2025-03-30 00:52:54
439,4,216.4144831349964,2025-03-30 00:04:06
225,2,229.11062298834102,2025-03-30 00:27:23
529,5,157.72759171771224,2025-03-30 00:51:54
260,2,227.29875719145937,2025-03-30 00:18:07
224,2,160.59672186145923,2025-03-30 00:18:58
558,5,177.65432772403503,2025-03-30 00:14:11
386,3,176.70477951428686,2025-03-30 00:31:02
536,5,212.20740397515715,2025-03-30 00:30:01
261,2,115.70246631077428,2025-03-30 00:34:14
272,2,84.65576655485553,2025-03-30 00:59:32
334,3,106.51644294264155,2025-03-30 00:07:34
196,1,141.6960556907576,2025-03-30 00:09:30
496,4,182.75157652507102,2025-03-30 00:43:30
222,2,22.54256597788237,2025-03-30 00:45:40
240,2,221.07091976450673,2025-03-30 00:03:37
199,1,133.00289805444788,2025-03-30 00:34:08
380,3,52.99713894777101,2025-03-30 00:36:54
258,2,63.6926544298468,2025-03-30 00:03:46
497,4,150.68453958649505,2025-03-30 00:18:45
497,4,81.2918322750489,2025-03-30 00:52:24
336,3,84.10765776088319,2025-03-30 00:33:33
250,2,194.95424768150218,2025-03-30 00:56:17
133,1,150.45273805379693,2025-03-30 00:57:51
162,1,124.15402306050882,2025-03-30 00:37:19
426,4,44.81389830642843,2025-03-30 00:15:41
597,5,54.172821563430226,2025-03-30 00:41:53
484,4,206.88715991997617,2025-03-30 00:55:10
437,4,22.230413926450275,2025-03-30 00:29:17
472,4,142.83474504390574,2025-03-30 00:28:32
594,5,73.78130800588471,2025-03-30 00:48:03
192,1,153.22496366912623,2025-03-30 00:00:26
109,1,186.26272575676063,2025-03-30 00:25:27
554,5,246.00117980360318,2025-03-30 00:02:22
366,3,21.460667654943236,2025-03-30 00:34:40
523,5,187.74338693484012,2025-03-30 00:34:37
283,2,28.801398462007153,2025-03-30 00:11:14
454,4,123.28849843333694,2025-03-30 00:41:40
136,1,34.327750849652475,2025-03-30 00:36:41
574,5,138.2179831535119,2025-03-30 00:13:44
450,4,147.62176012591263,2025-03-30 00:28:57
452,4,221.02817041365745,2025-03-30 00:25:58
224,2,221.23547309337766,2025-03-30 00:45:00
350,3,128.77768954232874,2025-03-30 00:09:01
400,4,35.531840139543206,2025-03-30 00:06:05
106,1,141.90758041303474,2025-03-30 00:47:03
331,3,149.90842187978672,2025-03-30 00:07:59
344,3,163.7171316036516,2025-03-30 00:40:34
584,5,47.38113875424267,2025-03-30 00:12:38
284,2,138.1963678178859,2025-03-30 00:00:30
405,4,64.82132459114074,2025-03-30 00:12:26
400,4,36.342885503588775,2025-03-30 00:52:47
164,1,225.16091569045332,2025-03-30 00:37:41
529,5,34.73093875636532,2025-03-30 00:02:50
180,1,233.43964073440893,2025-03-30 00:32:16
248,2,78.88692784496266,2025-03-30 00:24:00
292,2,112.39661265012494,2025-03-30 00:20:50
585,5,63.19407695487915,2025-03-30 00:38:10
528,5,49.71024590722628,2025-03-30 00:42:59
436,4,49.25001119775352,2025-03-30 00:29:52
243,2,92.09912551819306,2025-03-30 00:14:52
497,4,179.14764286030217,2025-03-30 00:32:24
190,1,177.0474448212062,2025-03-30 00:33:05
354,3,162.37406343407852,2025-03-30 00:26:27
124,1,218.69353551701505,2025-03-30 00:48:49
335,3,145.64125985548247,2025-03-30 00:51:26
536,5,56.67702164878136,2025-03-30 00:53:09
426,4,178.08547675144013,2025-03-30 00:55:29
229,2,147.18528505548173,2025-03-30 00:52:58
299,2,120.05476794879729,2025-03-30 00:36:51
341,3,68.69693891816898,2025-03-30 00:25:36
176,1,42.010955038387806,2025-03-30 00:38:52
221,2,137.63529042442906,2025-03-30 00:28:45
374,3,179.59424791948948,2025-03-30 00:21:46
547,5,101.72647073407308,2025-03-30 00:34:10
201,2,175.88912201666392,2025-03-30 00:34:53
559,5,184.91577918664194,2025-03-30 00:31:17
416,4,152.25481390974807,2025-03-30 00:14:07
358,3,54.42208214080676,2025-03-30 00:21:19
277,2,223.76330681015872,2025-03-30 00:46:30
284,2,99.2226724118017,2025-03-30 00:27:39
577,5,189.69350127578656,2025-03-30 00:52:41
275,2,31.264439068491516,2025-03-30 00:11:57
263,2,54.00576912391869,2025-03-30 00:38:15
555,5,112.87691535312408,2025-03-30 00:38:01
297,2,99.93975425750149,2025-03-30 00:12:20
315,3,230.04116849218076,2025-03-30 00:41:38
444,4,163.80361765744914,2025-03-30 00:33:35
338,3,187.3910707934205,2025-03-30 00:19:29
433,4,34.166566631908054,2025-03-30 00:24:28
549,5,175.25100259587276,2025-03-30 00:28:53
332,3,126.34820128401067,2025-03-30 00:49:50
550,5,186.37304348420332,2025-03-30 00:08:42
394,3,119.65503491445259,2025-03-30 00:54:58
301,3,44.87940969059724,2025-03-30 00:13:01
444,4,128.82226249269124,2025-03-30 00:36:09
310,3,55.2708448786638,2025-03-30 00:42:51
431,4,106.3169723334263,2025-03-30 00:15:57
305,3,245.11061603195282,2025-03-30 00:47:48
520,5,126.72056793145595,2025-03-30 00:46:05
204,2,239.08581966743628,2025-03-30 00:16:08
234,2,217.54494196264756,2025-03-30 00:40:11
459,4,173.88524667248754,2025-03-30 00:06:57
423,4,133.89061912406837,2025-03-30 00:35:51
291,2,57.63499084833572,2025-03-30 00:45:23
141,1,198.4594661267202,2025-03-30 00:40:43
465,4,190.1730107025391,2025-03-30 00:42:10
559,5,210.05232556660695,2025-03-30 00:33:54
373,3,129.49134415819884,2025-03-30 00:36:59
470,4,216.96436367685402,2025-03-30 00:40:53
263,2,188.46378251857493,2025-03-30 00:23:49
386,3,195.33414847436998,2025-03-30 00:48:58
559,5,165.22961157514115,2025-03-30 00:57:58
546,5,154.83552167462713,2025-03-30 00:45:06
530,5,45.53713295129077,2025-03-30 00:29:10
283,2,107.26472965665737,2025-03-30 00:35:32
277,2,60.42178568113163,2025-03-30 00:36:05
126,1,198.10994650807834,2025-03-30 00:56:45
121,1,72.34480020205046,2025-03-30 00:56:51
592,5,206.54246090265212,2025-03-30 00:08:59
433,4,75.56338053745117,2025-03-30 00:38:55
507,5,192.96069815068617,2025-03-30 00:56:05
436,4,243.26729989075793,2025-03-30 00:46:49
368,3,148.66276184672276,2025-03-30 00:46:25
293,2,112.63724826671672,2025-03-30 00:12:30
205,2,176.59689543138896,2025-03-30 00:31:31
258,2,201.46900888921925,2025-03-30 00:56:28
533,5,60.420834889839426,2025-03-30 00:34:04
170,1,249.21680119484537,2025-03-30 00:13:31
566,5,62.88711698385744,2025-03-30 00:44:27
501,5,100.61319709752728,2025-03-30 00:19:20
141,1,211.25532330946584,2025-03-30 00:03:16
425,4,144.64128786813882,2025-03-30 00:03:27
170,1,84.5002960783597,2025-03-30 00:16:11
370,3,84.14411277636763,2025-03-30 00:31:06
550,5,195.10903512189643,2025-03-30 00:09:35
522,5,91.22856552041024,2025-03-30 00:40:59
139,1,215.4358184614826,2025-03-30 00:28:15
320,3,73.54089762355187,2025-03-30 00:27:57
333,3,184.03977798311973,2025-03-30 00:37:25
541,5,122.59030342364623,2025-03-30 00:42:47
272,2,222.0371815058957,2025-03-30 00:27:10
423,4,92.43773260797714,2025-03-30 00:34:11
543,5,87.36832825636313,2025-03-30 00:29:57
265,2,193.47278058157866,2025-03-30 00:51:55
197,1,147.87737144297046,2025-03-30 00:39:18
406,4,196.77376386290197,2025-03-30 00:59:44
530,5,145.0360849944262,2025-03-30 00:34:52
470,4,102.8302198750498,2025-03-30 00:55:59
217,2,42.719053358341895,2025-03-30 00:28:02
238,2,99.88260974267806,2025-03-30 00:29:36
135,1,63.809250686185024,2025-03-30 00:14:11
441,4,147.55459497192487,2025-03-30 00:18:00
527,5,121.125857896176,2025-03-30 00:05:45
493,4,225.21803016090138,2025-03-30 00:10:10
430,4,170.14438728798245,2025-03-30 00:18:15
584,5,44.2990726642978,2025-03-30 00:30:43
466,4,97.4393785670561,2025-03-30 00:46:37
397,3,38.196016647597204,2025-03-30 00:42:36
422,4,208.49703387192892,2025-03-30 00:36:53
403,4,191.90202332058058,2025-03-30 00:06:51
509,5,109.57976589197413,2025-03-30 00:53:35
490,4,48.203969632798916,2025-03-30 00:20:55
152,1,230.96890513828504,2025-03-30 00:36:25
292,2,220.04899858270605,2025-03-30 00:18:48
477,4,85.99364951700379,2025-03-30 00:46:40
355,3,153.57478680698898,2025-03-30 00:08:23
191,1,224.38819637074474,2025-03-30 00:04:45
104,1,125.88355195389636,2025-03-30 00:03:30
185,1,117.05151855228733,2025-03-30 00:51:59
318,3,196.63089309174964,2025-03-30 00:49:07
336,3,57.2858099105774,2025-03-30 00:27:24
359,3,243.72140888501906,2025-03-30 00:18:56
177,1,66.62847192135573,2025-03-30 00:38:08
109,1,208.40578588564594,2025-03-30 00:33:31
404,4,246.4219860261993,2025-03-30 00:20:57
280,2,194.85085740203627,2025-03-30 00:47:58
227,2,146.6367500408287,2025-03-30 00:39:56
529,5,141.9357118079962,2025-03-30 00:27:56
384,3,184.5573754906236,2025-03-30 00:10:33
509,5,124.08895634473785,2025-03-30 00:57:15
229,2,155.0173413457089,2025-03-30 00:39:05
267,2,233.50889695739042,2025-03-30 00:17:12
112,1,148.76260594541606,2025-03-30 00:47:28
169,1,46.242728328685075,2025-03-30 00:27:49
459,4,192.39234537422044,2025-03-30 00:55:04
338,3,41.24290072295929,2025-03-30 00:32:47
274,2,58.80992943940032,2025-03-30 00:03:09
474,4,231.26787572132073,2025-03-30 00:40:23
250,2,141.99238353379627,2025-03-30 00:55:06
575,5,116.04608603670145,2025-03-30 00:29:14
275,2,214.37990892009833,2025-03-30 00:41:25
100,1,148.1107360910208,2025-03-30 00:06:16
181,1,66.31752948428701,2025-03-30 00:37:23
301,3,72.83620638270156,2025-03-30 00:32:55
555,5,84.67350822782035,2025-03-30 00:36:06
209,2,174.13778514534272,2025-03-30 00:47:03
473,4,158.07804166264398,2025-03-30 00:19:30
121,1,53.92432817699887,2025-03-30 00:11:22
570,5,226.71784591644385,2025-03-30 00:37:24
549,5,141.64720476931956,2025-03-30 00:03:35
170,1,169.0900765226176,2025-03-30 00:59:17
466,4,197.5254717664216,2025-03-30 00:03:25
323,3,161.0490459555387,2025-03-30 00:27:10
258,2,191.11050109128968,2025-03-30 00:24:51
470,4,42.84103844282974,2025-03-30 00:54:08
309,3,246.93546806127364,2025-03-30 00:30:13
235,2,72.5170741106866,2025-03-30 00:40:49
432,4,139.98488869266964,2025-03-30 00:47:00
590,5,41.98655505360055,2025-03-30 00:06:25
145,1,33.53482837351419,2025-03-30 00:02:58
196,1,46.133022317454845,2025-03-30 00:23:42
345,3,127.99851609363795,2025-03-30 00:13:48
224,2,155.40877710489244,2025-03-30 00:59:39
257,2,161.7134368666528,2025-03-30 00:50:24
473,4,220.75470984113764,2025-03-30 00:28:54
444,4,127.06888363011177,2025-03-30 00:00:22
435,4,242.6126617772954,2025-03-30 00:27:41
502,5,185.31285917172184,2025-03-30 00:00:39
368,3,67.01515028468575,2025-03-30 00:54:48
303,3,169.33992783316404,2025-03-30 00:48:44
365,3,215.99633992346443,2025-03-30 00:36:38
472,4,110.87123826192189,2025-03-30 00:45:18
570,5,138.36591281462194,2025-03-30 00:13:47
377,3,197.2432741111936,2025-03-30 00:23:04
265,2,63.22367348943544,2025-03-30 00:47:32
102,1,213.81008658563263,2025-03-30 00:26:19
529,5,128.49661522647133,2025-03-30 00:09:39
123,1,237.07666012866574,2025-03-30 00:15:42
312,3,132.7356668298308,2025-03-30 00:02:26
318,3,227.56347823109428,2025-03-30 00:46:10
264,2,193.00257702663788,2025-03-30 00:18:37
214,2,162.30125485789048,2025-03-30 00:25:38
438,4,78.0037579748523,2025-03-30 00:53:58
220,2,172.71741471021727,2025-03-30 00:52:56
516,5,218.7842156068416,2025-03-30 00:37:27
286,2,167.5837244701337,2025-03-30 00:47:55
219,2,81.08183712315102,2025-03-30 00:47:36
183,1,114.98025587103683,2025-03-30 00:43:36
344,3,247.81798945842374,2025-03-30 00:14:38
432,4,22.74920734672602,2025-03-30 00:06:54
202,2,82.56849556633134,2025-03-30 00:13:02
138,1,197.50894999536166,2025-03-30 00:38:36
530,5,221.04791661202168,2025-03-30 00:26:09
354,3,74.23406747225323,2025-03-30 00:01:20
582,5,54.91713464722168,2025-03-30 00:30:29
360,3,157.07373254957764,2025-03-30 00:02:23
340,3,234.8987180712268,2025-03-30 00:13:38
437,4,189.20364207071782,2025-03-30 00:11:31
313,3,238.35426446186875,2025-03-30 00:02:35
376,3,246.00981145522076,2025-03-30 00:03:44
212,2,103.24201481366987,2025-03-30 00:46:13
360,3,213.94588032652354,2025-03-30 00:39:48
346,3,126.24673091152046,2025-03-30 00:44:21
260,2,81.3243739621269,2025-03-30 00:48:00
263,2,48.37561721560593,2025-03-30 00:49:56
171,1,142.19844918510327,2025-03-30 00:52:55
523,5,119.72186095622838,2025-03-30 00:54:41
543,5,20.062433308590954,2025-03-30 00:13:21
433,4,43.312288279860674,2025-03-30 00:15:34
404,4,22.19522177361318,2025-03-30 00:50:48
574,5,82.89043592169737,2025-03-30 00:43:24
360,3,118.02122368831807,2025-03-30 00:40:28
109,1,228.19273385110571,2025-03-30 00:06:16
300,3,213.2692814840634,2025-03-30 00:15:24
214,2,240.46373947218248,2025-03-30 00:17:30
546,5,97.48007300985743,2025-03-30 00:00:00
195,1,238.01030770225503,2025-03-30 00:57:21
572,5,134.75075660997456,2025-03-30 00:57:21
556,5,52.53426080265735,2025-03-30 00:32:45
379,3,225.63070856409715,2025-03-30 00:37:42
517,5,166.7891924239629,2025-03-30 00:02:17
167,1,204.54224776543964,2025-03-30 00:35:26
328,3,44.253549454216525,2025-03-30 00:46:15
503,5,245.99520820579784,2025-03-30 00:58:01
103,1,107.34131927984987,2025-03-30 00:10:42
390,3,31.94726811214511,2025-03-30 00:34:17
116,1,110.11740630271521,2025-03-30 00:30:20
490,4,127.43145405647675,2025-03-30 00:45:48
436,4,134.90828350815008,2025-03-30 00:57:00
190,1,230.4878499355983,2025-03-30 00:29:03
382,3,159.8563447772241,2025-03-30 00:02:39
452,4,96.34503853376535,2025-03-30 00:30:00
254,2,40.025039642680454,2025-03-30 00:42:19
418,4,246.74299885464717,2025-03-30 00:37:04
319,3,64.76728897076494,2025-03-30 00:34:04
147,1,210.02906049254844,2025-03-30 00:26:25
531,5,143.26119741914275,2025-03-30 00:14:57
200,2,108.28625116467977,2025-03-30 00:56:08
253,2,242.723739662919,2025-03-30 00:57:12
278,2,165.9880665439724,2025-03-30 00:33:07
219,2,204.39686734583358,2025-03-30 00:55:44
521,5,105.76270703613794,2025-03-30 00:35:35
312,3,185.63234610923703,2025-03-30 00:07:19
539,5,156.99882022528783,2025-03-30 00:58:32
145,1,37.59859134889959,2025-03-30 00:57:01
262,2,60.530646720134406,2025-03-30 00:55:03
294,2,140.00242992947608,2025-03-30 00:22:10
167,1,108.12526753762435,2025-03-30 00:14:20
467,4,172.95879453261298,2025-03-30 00:49:22
261,2,184.09720898983252,2025-03-30 00:09:44
335,3,219.0988039720699,2025-03-30 00:20:34
345,3,192.78568682666122,2025-03-30 00:22:23
479,4,249.91751111327835,2025-03-30 00:15:31
198,1,41.44516022992322,2025-03-30 00:16:26
495,4,92.7564827530779,2025-03-30 00:05:23
289,2,22.911674567856753,2025-03-30 00:00:19
226,2,23.338028464865275,2025-03-30 00:06:34
306,3,245.5719293553657,2025-03-30 00:23:59
219,2,41.259514821864855,2025-03-30 00:04:21
124,1,20.776020683225994,2025-03-30 00:50:32
439,4,204.02773381997633,2025-03-30 00:47:51
331,3,232.0215684831241,2025-03-30 00:51:36
264,2,65.2945943898554,2025-03-30 00:54:34
451,4,163.094877168033,2025-03-30 00:02:40
174,1,48.25884903630766,2025-03-30 00:03:50
462,4,165.4524741364301,2025-03-30 00:15:49
382,3,72.79932013074071,2025-03-30 00:28:27
508,5,82.56979940180446,2025-03-30 00:36:43
459,4,75.76013198367617,2025-03-30 00:00:06
583,5,139.22516202308327,2025-03-30 00:48:04
232,2,91.33428283376757,2025-03-30 00:18:04
500,5,60.55388822563948,2025-03-30 00:14:27
466,4,229.51338372346711,2025-03-30 00:54:28
576,5,56.19907722801078,2025-03-30 00:37:08
115,1,67.27898403385203,2025-03-30 00:46:52
423,4,112.19592077462644,2025-03-30 00:38:07
249,2,198.1217726538571,2025-03-30 00:56:17
278,2,157.2473747428864,2025-03-30 00:14:25
130,1,234.22421287893482,2025-03-30 00:46:38
499,4,109.15563547665198,2025-03-30 00:21:05
568,5,103.62516930637634,2025-03-30 00:05:19
267,2,38.59792526369087,2025-03-30 00:42:18
218,2,166.93745529944357,2025-03-30 00:08:55
344,3,34.081130309047985,2025-03-30 00:02:26
314,3,233.92632384255197,2025-03-30 00:22:58
211,2,67.30585563258245,2025-03-30 00:54:16
178,1,88.55606047155149,2025-03-30 00:42:36
430,4,243.5325900214642,2025-03-30 00:18:57
366,3,194.7598627581955,2025-03-30 00:08:44
322,3,224.1014602993422,2025-03-30 00:19:22
422,4,96.24171924381233,2025-03-30 00:13:23
449,4,170.26605218681178,2025-03-30 00:45:56
591,5,118.42444424274245,2025-03-30 00:08:35
583,5,146.66895433399094,2025-03-30 00:30:08
368,3,233.08527637485892,2025-03-30 00:47:51
510,5,221.765591388703,2025-03-30 00:50:45
220,2,213.3151442485318,2025-03-30 00:21:21
429,4,120.84689160022353,2025-03-30 00:11:17
279,2,107.68798731469893,2025-03-30 00:44:33
543,5,40.53149529555782,2025-03-30 00:30:02
575,5,196.16613126916423,2025-03-30 00:19:07
479,4,98.61996663364975,2025-03-30 00:37:04
244,2,148.91747939459856,2025-03-30 00:00:32
418,4,74.76568028753411,2025-03-30 00:43:16
540,5,147.43744351455206,2025-03-30 00:05:47
337,3,54.83404467180218,2025-03-30 00:51:06
280,2,27.58080669059882,2025-03-30 00:16:41
171,1,128.15532627560836,2025-03-30 00:03:07
303,3,219.14307389030134,2025-03-30 00:43:52
148,1,44.77938363419209,2025-03-30 00:11:43
424,4,174.06209315024702,2025-03-30 00:32:14
338,3,150.22868728645804,2025-03-30 00:58:31
482,4,240.35945345129565,2025-03-30 00:54:50
568,5,134.91171263957568,2025-03-30 00:21:27
230,2,181.48384920946006,2025-03-30 00:37:40
252,2,191.38248743911586,2025-03-30 00:50:22
403,4,98.67529216185018,2025-03-30 00:50:38
267,2,154.45928739998755,2025-03-30 00:00:34
202,2,227.92914746606078,2025-03-30 00:24:04
377,3,87.70308930367221,2025-03-30 00:08:17
452,4,157.92655754912076,2025-03-30 00:34:05
312,3,194.73156890117065,2025-03-30 00:45:57
316,3,109.87039280585041,2025-03-30 00:36:59
136,1,97.62764046483782,2025-03-30 00:00:21
210,2,120.56616474808884,2025-03-30 00:38:00
117,1,203.17227184865175,2025-03-30 00:55:32
145,1,153.44617555663856,2025-03-30 00:45:58
138,1,197.13863056187049,2025-03-30 00:21:04
353,3,173.77809833633398,2025-03-30 00:02:56
272,2,203.99309133149464,2025-03-30 00:02:24
439,4,211.94276099561714,2025-03-30 00:12:05
295,2,121.43875145589715,2025-03-30 00:01:26
557,5,214.75255060294015,2025-03-30 00:36:24
520,5,183.623909009308,2025-03-30 00:10:44
159,1,118.91630744700309,2025-03-30 00:04:09
516,5,178.3981197632946,2025-03-30 00:55:42
238,2,85.45083396006801,2025-03-30 00:06:58
446,4,33.83674520704115,2025-03-30 00:37:42
145,1,81.40647716722913,2025-03-30 00:54:06
264,2,58.35924963661368,2025-03-30 00:08:19
334,3,83.09096082894845,2025-03-30 00:28:25
230,2,238.16524428680324,2025-03-30 00:44:49
370,3,124.9635859503628,2025-03-30 00:13:31
234,2,149.7866078391915,2025-03-30 00:07:29
214,2,39.30769378646353,2025-03-30 00:01:26
213,2,113.0924210119149,2025-03-30 00:54:28
121,1,147.83712144394508,2025-03-30 00:26:26
126,1,83.07025784271376,2025-03-30 00:56:48
180,1,160.33201648160346,2025-03-30 00:56:53
576,5,152.54223438456552,2025-03-30 00:21:12
589,5,116.68856265410858,2025-03-30 00:49:08
132,1,211.56373945862612,2025-03-30 00:57:33
568,5,150.61973757943773,2025-03-30 00:45:04
163,1,189.9136210750706,2025-03-30 00:27:47
205,2,59.04580115575834,2025-03-30 00:39:48
215,2,224.7561176424286,2025-03-30 00:05:05
293,2,150.86040034016312,2025-03-30 00:02:05
431,4,245.73035386819794,2025-03-30 00:12:54
469,4,83.67346591821945,2025-03-30 00:36:28
265,2,217.13289882985086,2025-03-30 00:50:39
187,1,200.69360102616997,2025-03-30 00:58:46
135,1,101.23782873083618,2025-03-30 00:06:13
297,2,201.45367142933944,2025-03-30 00:24:45
179,1,210.3524135937418,2025-03-30 00:05:07
405,4,212.3230809859292,2025-03-30 00:49:06
487,4,202.23724487996805,2025-03-30 00:27:14
240,2,207.9547337538928,2025-03-30 00:10:18
409,4,128.57633805598385,2025-03-30 00:18:01
274,2,202.04224460401346,2025-03-30 00:06:42
257,2,162.45584742957087,2025-03-30 00:52:39
100,1,80.45666087903255,2025-03-30 00:29:38
326,3,129.50070669818012,2025-03-30 00:03:05
228,2,61.764797758667065,2025-03-30 00:32:04
285,2,114.5340052795694,2025-03-30 00:22:43
226,2,135.7764715642943,2025-03-30 00:00:44
489,4,151.149771377223,2025-03-30 00:13:02
580,5,182.23401159081405,2025-03-30 00:17:46
299,2,90.22704072767061,2025-03-30 00:12:32
516,5,134.2944250264988,2025-03-30 00:55:03
143,1,127.85213498724568,2025-03-30 00:32:54
151,1,229.26917069216398,2025-03-30 00:46:57
263,2,166.49782169658496,2025-03-30 00:13:17
319,3,226.70498621350828,2025-03-30 00:26:13
247,2,39.06950639483901,2025-03-30 00:27:10
318,3,177.94445494213656,2025-03-30 00:37:46
104,1,114.36606439221472,2025-03-30 00:20:36
520,5,249.06945859225706,2025-03-30 00:55:27
449,4,124.07522493615832,2025-03-30 00:55:58
411,4,60.46782174599236,2025-03-30 00:32:00
387,3,117.02592092928185,2025-03-30 00:39:18
227,2,175.13608610837593,2025-03-30 00:38:31
475,4,22.93258505026097,2025-03-30 00:35:52
481,4,123.52648524674234,2025-03-30 00:02:36
483,4,109.60169868543025,2025-03-30 00:05:29
280,2,92.75960927467784,2025-03-30 00:48:29
522,5,101.76839835804975,2025-03-30 00:27:18
570,5,120.44644828101985,2025-03-30 00:28:38
352,3,99.78211747479749,2025-03-30 00:51:25
392,3,188.5812061499109,2025-03-30 00:57:02
388,3,143.55784741638644,2025-03-30 00:46:42
191,1,53.41193371676314,2025-03-30 00:22:10
327,3,53.818327352003415,2025-03-30 00:03:38
564,5,213.37745635063123,2025-03-30 00:28:03
293,2,202.82038883235245,2025-03-30 00:50:47
213,2,201.15375199124318,2025-03-30 00:30:23
353,3,102.02243110350307,2025-03-30 00:35:25
573,5,158.67238838125016,2025-03-30 00:26:52
595,5,236.60019614374332,2025-03-30 00:11:24
208,2,99.4546144403375,2025-03-30 00:33:01
350,3,103.28334994671144,2025-03-30 00:51:03
391,3,49.67424981673028,2025-03-30 00:54:43
557,5,165.43241304830414,2025-03-30 00:57:54
323,3,217.2065059811917,2025-03-30 00:31:16
567,5,236.65627282460284,2025-03-30 00:17:44
439,4,106.5613567160741,2025-03-30 00:42:41
413,4,168.98414028045272,2025-03-30 00:35:02
154,1,69.92222968960257,2025-03-30 00:58:26
374,3,23.597568195531917,2025-03-30 00:52:20
105,1,87.62784380227293,2025-03-30 00:39:14
218,2,63.57927697165316,2025-03-30 00:24:01
544,5,137.00020159772197,2025-03-30 00:20:10
342,3,52.67686042481178,2025-03-30 00:17:33
160,1,125.10468199790769,2025-03-30 00:48:53
334,3,67.30835660953365,2025-03-30 00:17:34
438,4,99.81330704061378,2025-03-30 00:43:08
377,3,158.3003170897748,2025-03-30 00:37:01
206,2,187.71972435018074,2025-03-30 00:09:36
419,4,151.34567467057158,2025-03-30 00:45:11
107,1,181.8767341780653,2025-03-30 00:26:39
282,2,229.65196830749997,2025-03-30 00:39:57
502,5,110.87722035414596,2025-03-30 00:38:19
580,5,24.563849255657537,2025-03-30 00:50:21
391,3,156.3552038846694,2025-03-30 00:39:49
301,3,52.130863639734855,2025-03-30 00:50:26
335,3,210.83876911473368,2025-03-30 00:33:52
470,4,70.19122243723166,2025-03-30 00:39:23
326,3,104.52603859730701,2025-03-30 00:24:28
531,5,221.09664882522068,2025-03-30 00:00:29
353,3,237.93048634331998,2025-03-30 00:09:00
379,3,241.7166883421756,2025-03-30 00:32:53
187,1,173.3817655654254,2025-03-30 00:44:45
197,1,60.419398532975585,2025-03-30 00:12:37
364,3,98.96840096051429,2025-03-30 00:12:12
290,2,235.7637460187659,2025-03-30 00:37:23
490,4,247.9626908516874,2025-03-30 00:10:22
225,2,73.83262223882129,2025-03-30 00:42:09
122,1,108.21986553134272,2025-03-30 00:38:11
249,2,97.112737203998,2025-03-30 00:33:43
184,1,77.3872048294659,2025-03-30 00:53:32
270,2,177.85620317140794,2025-03-30 00:45:46
204,2,194.7312014266028,2025-03-30 00:15:36
376,3,192.3906880569844,2025-03-30 00:10:29
104,1,66.52820094314566,2025-03-30 00:01:32
162,1,163.12494007855483,2025-03-30 00:11:19
460,4,232.13639771721873,2025-03-30 00:43:47
210,2,245.30769339104972,2025-03-30 00:00:51
420,4,46.51888256364313,2025-03-30 00:01:28
290,2,91.41266367445094,2025-03-30 00:24:12
395,3,201.26956423549674,2025-03-30 00:42:05
182,1,152.50445008374606,2025-03-30 00:31:06
297,2,31.59019915095238,2025-03-30 00:35:39
158,1,228.9839752953584,2025-03-30 00:51:28
343,3,127.79839545304743,2025-03-30 00:05:03
344,3,73.2055691536177,2025-03-30 00:30:43
136,1,118.10434107344942,2025-03-30 00:22:43
306,3,121.55361588743449,2025-03-30 00:25:50
390,3,103.33809481429253,2025-03-30 00:39:54
295,2,199.52455929524723,2025-03-30 00:01:37
450,4,118.53448311306393,2025-03-30 00:56:42
568,5,186.29810608654844,2025-03-30 00:20:43
290,2,131.39229495207564,2025-03-30 00:45:52
459,4,45.65739345279595,2025-03-30 00:03:19
497,4,104.56362226872895,2025-03-30 00:40:40
480,4,224.77091331940395,2025-03-30 00:44:19
398,3,248.08995132304062,2025-03-30 00:34:18
221,2,204.85476596518683,2025-03-30 00:11:02
198,1,116.15698909375604,2025-03-30 00:32:08
249,2,145.4921523245941,2025-03-30 00:26:51
506,5,214.7102206403039,2025-03-30 00:38:21
233,2,94.03815066659857,2025-03-30 00:16:01
254,2,32.08818882626427,2025-03-30 00:49:12
252,2,208.61301383602546,2025-03-30 00:01:32
104,1,74.35495476373447,2025-03-30 00:47:17
468,4,249.97980420330026,2025-03-30 00:49:46
175,1,137.037584722021,2025-03-30 00:19:56
586,5,88.83339007849578,2025-03-30 00:02:10
134,1,30.874643029243074,2025-03-30 00:52:29
415,4,88.92861612013643,2025-03-30 00:39:51
278,2,130.90346699827384,2025-03-30 00:01:08
241,2,131.79606866238063,2025-03-30 00:24:46
452,4,239.2885747831063,2025-03-30 00:06:15
483,4,42.75196015244632,2025-03-30 00:24:55
167,1,182.78842810111507,2025-03-30 00:42:11
360,3,172.7754426364857,2025-03-30 00:38:14
349,3,146.4371769580377,2025-03-30 00:10:13
448,4,104.11588137563757,2025-03-30 00:23:28
528,5,164.82505827635686,2025-03-30 00:39:25
526,5,232.71223208815047,2025-03-30 00:49:49
455,4,158.5420776224809,2025-03-30 00:08:44
371,3,132.91089939076844,2025-03-30 00:53:54
203,2,29.281561285805857,2025-03-30 00:47:36
274,2,137.30013803507438,2025-03-30 00:53:29
488,4,91.54408623296082,2025-03-30 00:46:00
553,5,36.54236102931577,2025-03-30 00:35:39
288,2,230.9774033298811,2025-03-30 00:53:22
172,1,125.51029763046327,2025-03-30 00:51:25
210,2,47.55707442134498,2025-03-30 00:39:07
103,1,62.226399522269574,2025-03-30 00:32:27
157,1,152.16380068298332,2025-03-30 00:58:03
489,4,81.13405641219349,2025-03-30 00:34:24
381,3,22.780278964145364,2025-03-30 00:57:09
296,2,140.42191187762876,2025-03-30 00:42:07
122,1,172.93333717731917,2025-03-30 00:52:04
453,4,42.666771359889694,2025-03-30 00:23:36
107,1,204.19007580583173,2025-03-30 00:16:41
534,5,98.16839758853023,2025-03-30 00:05:50
187,1,93.69138686058261,2025-03-30 00:20:28
435,4,27.52456423401542,2025-03-30 00:31:32
314,3,66.10076285178607,2025-03-30 00:52:39
344,3,145.1229064270849,2025-03-30 00:42:09
445,4,179.31338057025536,2025-03-30 00:20:46
210,2,222.36501748149377,2025-03-30 00:22:58
363,3,203.27108341771068,2025-03-30 00:12:27
206,2,83.35776280738753,2025-03-30 00:38:26
419,4,114.08322955662112,2025-03-30 00:18:33
203,2,245.3388952742765,2025-03-30 00:49:07
593,5,154.63778406095705,2025-03-30 00:21:02
171,1,150.38683865008446,2025-03-30 00:45:19
413,4,45.40266955262298,2025-03-30 00:25:26
343,3,26.96176213184234,2025-03-30 00:03:49
516,5,192.99697357093999,2025-03-30 00:05:10
586,5,222.43181368112977,2025-03-30 00:01:21
238,2,233.1209993607139,2025-03-30 00:59:28
483,4,76.15480362091255,2025-03-30 00:29:52
116,1,142.62942967368164,2025-03-30 00:02:32
391,3,119.79955846066744,2025-03-30 00:36:26
171,1,43.69672200501007,2025-03-30 00:35:12
292,2,94.17633451391043,2025-03-30 00:08:25
514,5,98.74267052551633,2025-03-30 00:07:46
406,4,87.46226583981311,2025-03-30 00:55:58
410,4,229.00734755360688,2025-03-30 00:02:13
221,2,232.1882451919473,2025-03-30 00:30:05
488,4,134.25502748433314,2025-03-30 00:54:09
411,4,168.1501478188957,2025-03-30 00:50:22
279,2,30.405216690184428,2025-03-30 00:45:47
400,4,203.416142921476,2025-03-30 00:55:23
310,3,158.8212737730707,2025-03-30 00:36:56
491,4,129.59550894873962,2025-03-30 00:08:52
175,1,187.0062203658063,2025-03-30 00:59:18
287,2,125.00662713559396,2025-03-30 00:23:24
561,5,64.3330006146565,2025-03-30 00:55:34
141,1,104.53119928903988,2025-03-30 00:23:26
523,5,143.08041050090335,2025-03-30 00:16:17
411,4,243.62827645229694,2025-03-30 00:20:33
127,1,186.14012893981715,2025-03-30 00:19:27
114,1,24.279142105506047,2025-03-30 00:18:45
375,3,70.22139355428678,2025-03-30 00:20:35
235,2,231.30412583584575,2025-03-30 00:41:17
203,2,227.31845724699437,2025-03-30 00:15:52
266,2,94.07644943271767,2025-03-30 00:48:08
584,5,66.10374303762941,2025-03-30 00:39:25
387,3,181.37132184426216,2025-03-30 00:48:32
444,4,117.08827286054414,2025-03-30 00:50:12
338,3,84.11673717097794,2025-03-30 00:30:28
167,1,245.23761900511036,2025-03-30 00:16:48
186,1,212.42358505312313,2025-03-30 00:48:40
325,3,85.23590678894547,2025-03-30 00:46:16
162,1,28.292159638077706,2025-03-30 00:50:45
211,2,136.21035245359218,2025-03-30 00:38:09
407,4,74.66598917049126,2025-03-30 00:40:10
589,5,224.29350541742593,2025-03-30 00:45:38
110,1,112.94048823241513,2025-03-30 00:41:29
485,4,168.29525822285467,2025-03-30 00:12:06
589,5,182.28128688459122,2025-03-30 00:15:18
384,3,213.4166864645457,2025-03-30 00:43:40
548,5,82.00112264621967,2025-03-30 00:23:51
260,2,144.26834502886777,2025-03-30 00:21:08
127,1,179.3058892130707,2025-03-30 00:23:14
463,4,159.16787212532216,2025-03-30 00:16:42
510,5,96.79106502807691,2025-03-30 00:00:01
259,2,209.13397898394655,2025-03-30 00:21:32
320,3,34.88319098943023,2025-03-30 00:00:04
343,3,84.46268813445667,2025-03-30 00:28:22
426,4,125.37701240556595,2025-03-30 00:10:03
426,4,24.114607486226134,2025-03-30 00:38:50
528,5,161.84677851493092,2025-03-30 00:04:20
562,5,78.69746753417652,2025-03-30 00:07:44
575,5,33.171202350705,2025-03-30 00:50:39
468,4,41.371368518529785,2025-03-30 00:19:10
557,5,179.78370712382906,2025-03-30 00:03:17
545,5,95.02463388259584,2025-03-30 00:12:26
217,2,214.49111157545454,2025-03-30 00:45:55
322,3,44.22783474164922,2025-03-30 00:12:38
268,2,158.65994486238165,2025-03-30 00:57:33
171,1,174.99093684000258,2025-03-30 00:46:28
352,3,61.56558544853973,2025-03-30 00:23:33
408,4,51.543492607642605,2025-03-30 00:29:49
342,3,187.9999886373888,2025-03-30 00:48:32
227,2,84.71466157022837,2025-03-30 00:45:50
287,2,248.45224570756227,2025-03-30 00:33:33
326,3,191.49885161581372,2025-03-30 00:38:14
289,2,35.86995098509372,2025-03-30 00:28:11
565,5,193.81296431572162,2025-03-30 00:22:32
145,1,54.7428842498113,2025-03-30 00:38:20
432,4,27.180757358910505,2025-03-30 00:26:14
488,4,192.00876546415986,2025-03-30 00:36:41
481,4,45.40653916192899,2025-03-30 00:49:38
259,2,129.605498524041,2025-03-30 00:13:06
295,2,196.66052054120854,2025-03-30 00:28:33
288,2,61.181808339650246,2025-03-30 00:57:02
528,5,71.71400421154968,2025-03-30 00:37:31
407,4,216.32728487142842,2025-03-30 00:17:38
110,1,192.89736133807463,2025-03-30 00:22:08
389,3,117.19394810439437,2025-03-30 00:49:11
327,3,184.1709689612201,2025-03-30 00:12:37
557,5,39.447954699299004,2025-03-30 00:42:14
401,4,101.32910272296523,2025-03-30 00:45:20
397,3,59.327284360980684,2025-03-30 00:55:28
440,4,136.17279300188505,2025-03-30 00:54:28
245,2,159.92839014143502,2025-03-30 00:03:17
467,4,46.49624207271961,2025-03-30 00:39:25
228,2,192.08533208247326,2025-03-30 00:33:34
206,2,91.43489665674517,2025-03-30 00:34:07
290,2,65.68148994572476,2025-03-30 00:19:23
137,1,37.37416775419918,2025-03-30 00:08:57
574,5,76.67289987662534,2025-03-30 00:24:32
584,5,197.59282360951678,2025-03-30 00:33:19
408,4,243.23596189095753,2025-03-30 00:57:03
205,2,87.2858020197001,2025-03-30 00:15:24
401,4,177.3417598079567,2025-03-30 00:46:41
219,2,113.06198135597717,2025-03-30 00:52:44
191,1,154.19022299526748,2025-03-30 00:49:33
505,5,140.5908820450823,2025-03-30 00:01:30
362,3,136.79149737970732,2025-03-30 00:39:28
111,1,149.88858823856322,2025-03-30 00:37:39
471,4,86.24960525694398,2025-03-30 00:05:27
276,2,90.93751665460698,2025-03-30 00:37:28
289,2,67.30137131099148,2025-03-30 00:57:00
163,1,203.7148371448699,2025-03-30 00:51:10
316,3,26.1035089073714,2025-03-30 00:23:05
218,2,129.1613579611007,2025-03-30 00:08:03
390,3,75.88652409146914,2025-03-30 00:50:45
189,1,239.18388374350906,2025-03-30 00:10:41
129,1,222.8112865781748,2025-03-30 00:32:34
594,5,120.91595520472413,2025-03-30 00:17:27
486,4,219.6120150777017,2025-03-30 00:53:09
591,5,116.06709322724124,2025-03-30 00:47:37
326,3,149.50041814494787,2025-03-30 00:12:09
592,5,147.6653958636469,2025-03-30 00:23:08
363,3,98.31903508563403,2025-03-30 00:49:26
169,1,116.99207172514424,2025-03-30 00:58:39
416,4,68.96119589496183,2025-03-30 00:58:25
116,1,28.249072046149198,2025-03-30 00:06:32
514,5,75.02166016497655,2025-03-30 00:25:43
514,5,141.38333294647467,2025-03-30 00:56:47
276,2,64.46085646383128,2025-03-30 00:44:47
286,2,60.972862895274396,2025-03-30 00:38:37
315,3,30.687149498985278,2025-03-30 00:53:28
462,4,118.18475499993956,2025-03-30 00:05:20
439,4,243.35030272611917,2025-03-30 00:23:09
207,2,125.54663139907927,2025-03-30 00:57:46
442,4,76.76728791974976,2025-03-30 00:51:39
460,4,100.11922635783408,2025-03-30 00:52:40
539,5,60.528266329310405,2025-03-30 00:09:19
243,2,33.90206720462905,2025-03-30 00:37:51
130,1,141.1495445631744,2025-03-30 00:29:39
208,2,30.090233993416568,2025-03-30 00:40:18
294,2,159.35534735466157,2025-03-30 00:58:11
485,4,56.65736375351641,2025-03-30 00:22:02
147,1,206.04810929557746,2025-03-30 00:54:35
120,1,246.46424281860234,2025-03-30 00:26:41
507,5,229.86354740037743,2025-03-30 00:17:27
585,5,221.13976110013294,2025-03-30 00:36:08
420,4,221.388571669009,2025-03-30 00:47:59
506,5,63.756013658407205,2025-03-30 00:19:48
259,2,224.93620096908296,2025-03-30 00:33:34
335,3,24.448863413545,2025-03-30 00:30:23
410,4,204.9932911640541,2025-03-30 00:32:30
154,1,88.63859078513053,2025-03-30 00:18:54
279,2,118.93874086768189,2025-03-30 00:29:40
460,4,122.72718683414065,2025-03-30 00:09:12
175,1,65.48998896146918,2025-03-30 00:03:49
293,2,195.02999524403688,2025-03-30 00:48:08
103,1,53.1993763725804,2025-03-30 00:10:03
516,5,121.88708222076532,2025-03-30 00:56:42
434,4,89.92279571400283,2025-03-30 00:08:26
397,3,152.3720527267514,2025-03-30 00:20:19
387,3,65.0206823758881,2025-03-30 00:29:10
372,3,100.3021490679228,2025-03-30 00:10:30
136,1,63.90594297684315,2025-03-30 00:52:16
429,4,32.58167098535728,2025-03-30 00:27:02
593,5,136.52751163327815,2025-03-30 00:50:16
429,4,202.24922756865266,2025-03-30 00:14:13
374,3,110.61292664048929,2025-03-30 00:00:18
207,2,41.31183114873751,2025-03-30 00:49:57
350,3,165.6431093889098,2025-03-30 00:28:53
389,3,74.82483480944835,2025-03-30 00:23:01
273,2,51.879041071740076,2025-03-30 00:57:55
320,3,52.5344723930293,2025-03-30 00:50:26
217,2,181.93933110819248,2025-03-30 00:28:07
215,2,213.32324335104113,2025-03-30 00:49:25
101,1,172.87788280684967,2025-03-30 00:01:20
526,5,154.76424142809253,2025-03-30 00:03:35
175,1,207.84887068392783,2025-03-30 00:05:02
477,4,55.81906309125727,2025-03-30 00:42:27
556,5,82.3983335893796,2025-03-30 00:13:49
247,2,48.26124695227263,2025-03-30 00:19:58
202,2,206.08591024892036,2025-03-30 00:27:56
206,2,152.4884345546199,2025-03-30 00:31:55
200,2,44.246235759215054,2025-03-30 00:13:00
508,5,213.78432970463376,2025-03-30 00:00:14
381,3,188.15573979950562,2025-03-30 00:43:55
233,2,175.51556787534028,2025-03-30 00:36:55
464,4,133.19667257267162,2025-03-30 00:00:54
431,4,243.6126647215488,2025-03-30 00:36:07
413,4,39.635530228348145,2025-03-30 00:23:30
294,2,52.50954788258016,2025-03-30 00:53:19
514,5,111.84980844241119,2025-03-30 00:50:18
473,4,175.2660655918564,2025-03-30 00:32:27
529,5,87.57975297743873,2025-03-30 00:14:55
539,5,248.3525133112089,2025-03-30 00:15:27
448,4,180.788584477222,2025-03-30 00:19:28
574,5,38.19600115970988,2025-03-30 00:38:43
502,5,215.3239642188865,2025-03-30 00:30:48
322,3,51.97111771297444,2025-03-30 00:53:49
429,4,85.3199888386093,2025-03-30 00:35:43
403,4,61.58196752876105,2025-03-30 00:47:11
122,1,47.28352584493364,2025-03-30 00:20:49
556,5,70.14151644997258,2025-03-30 00:24:51
118,1,143.18431256870298,2025-03-30 00:39:09
138,1,150.2597698498693,2025-03-30 00:05:00
301,3,79.80033204234698,2025-03-30 00:20:35
161,1,85.21420274748625,2025-03-30 00:43:48
527,5,52.50041388749342,2025-03-30 00:38:23
520,5,162.77335823875228,2025-03-30 00:39:27
287,2,218.8621807034463,2025-03-30 00:53:23
494,4,180.81900673782044,2025-03-30 00:25:37
216,2,148.2903100670565,2025-03-30 00:30:48
369,3,245.65044502388733,2025-03-30 00:07:50
228,2,203.2079462409578,2025-03-30 00:50:57
361,3,88.17100426911558,2025-03-30 00:52:14
505,5,24.865178046869282,2025-03-30 00:34:17
205,2,146.23730038672687,2025-03-30 00:39:29
260,2,49.30736410555173,2025-03-30 00:15:16
549,5,37.02387377170412,2025-03-30 00:51:59
505,5,119.10220419191168,2025-03-30 00:12:13
205,2,113.44790673146754,2025-03-30 00:21:16
442,4,148.78899417858852,2025-03-30 00:29:26
347,3,53.86398600989788,2025-03-30 00:50:42
498,4,81.37026336943828,2025-03-30 00:08:21
580,5,106.68578476119133,2025-03-30 00:56:02
266,2,96.47007892761691,2025-03-30 00:01:43
213,2,246.0286003431156,2025-03-30 00:52:46
203,2,248.9041841231605,2025-03-30 00:45:43
270,2,61.4169584664858,2025-03-30 00:57:58
243,2,104.81998586285124,2025-03-30 00:22:23
228,2,209.9326658134986,2025-03-30 00:47:41
308,3,63.596447824759636,2025-03-30 00:58:16
599,5,175.16063417128683,2025-03-30 00:31:03
591,5,203.59739749695677,2025-03-30 00:34:29
248,2,190.64261403415384,2025-03-30 00:17:07
591,5,121.97665099188104,2025-03-30 00:26:02
239,2,230.28684816771025,2025-03-30 00:42:21
318,3,202.13315924327284,2025-03-30 00:27:14
394,3,27.39080388902589,2025-03-30 00:44:08
515,5,235.07346840526867,2025-03-30 00:16:27
406,4,212.54011979459762,2025-03-30 00:05:46
225,2,161.76832668566192,2025-03-30 00:44:31
588,5,72.86406870822667,2025-03-30 00:53:35
427,4,219.2751410409044,2025-03-30 00:48:43
484,4,111.23883786120214,2025-03-30 00:21:13
478,4,228.4534315063769,2025-03-30 00:51:28
499,4,226.2414322103586,2025-03-30 00:45:45
418,4,123.18056696579536,2025-03-30 00:49:46
548,5,32.078972695585946,2025-03-30 00:13:17
408,4,182.7081772835504,2025-03-30 00:01:50
150,1,93.12838177143921,2025-03-30 00:39:06
490,4,128.40524674090537,2025-03-30 00:38:39
310,3,179.02891591516865,2025-03-30 00:00:17
359,3,192.91914057843522,2025-03-30 00:47:07
507,5,23.594344520169592,2025-03-30 00:35:10
280,2,66.60347690337389,2025-03-30 00:29:48
226,2,56.60700467365865,2025-03-30 00:53:51
135,1,52.062572024234974,2025-03-30 00:05:10
226,2,151.50900736884915,2025-03-30 00:59:02
313,3,246.16821460741266,2025-03-30 00:47:16
100,1,146.16269701934914,2025-03-30 00:14:08
297,2,245.60496269016312,2025-03-30 00:34:09
151,1,102.28261765374486,2025-03-30 00:45:01
501,5,44.573605510935444,2025-03-30 00:49:35
253,2,213.62568180140067,2025-03-30 00:29:34
382,3,140.88529519696988,2025-03-30 00:21:54
338,3,98.6441985761791,2025-03-30 00:00:39
569,5,63.86228019332903,2025-03-30 00:36:21
374,3,161.03832890177955,2025-03-30 00:22:53
529,5,195.68345584527415,2025-03-30 00:11:25
259,2,178.10770307400566,2025-03-30 00:32:56
335,3,168.84126019360724,2025-03-30 00:16:04
116,1,122.39443572555388,2025-03-30 00:50:23
345,3,242.0636891193157,2025-03-30 00:49:04
570,5,241.23479550033315,2025-03-30 00:33:27
298,2,55.307549843557084,2025-03-30 00:58:47
226,2,95.84383451257848,2025-03-30 00:37:12
458,4,116.89833319677592,2025-03-30 00:31:26
590,5,223.4252706959001,2025-03-30 00:55:22
359,3,185.50323230496846,2025-03-30 00:13:32
320,3,90.1026076257483,2025-03-30 00:56:30
141,1,26.513564493898002,2025-03-30 00:36:57
337,3,185.057276306269,2025-03-30 00:38:33
171,1,90.30374700024193,2025-03-30 00:41:19
428,4,29.21758568403159,2025-03-30 00:18:05
154,1,138.75868152650065,2025-03-30 00:09:44
217,2,69.5021591639881,2025-03-30 00:24:14
469,4,100.1134659040415,2025-03-30 00:59:51
211,2,39.98419231413782,2025-03-30 00:08:37
207,2,204.08283242429374,2025-03-30 00:40:00
326,3,34.83801689197216,2025-03-30 00:03:28
176,1,161.64170206144246,2025-03-30 00:24:53
441,4,239.41319048656217,2025-03-30 00:36:38
534,5,185.2767931321732,2025-03-30 00:21:10
357,3,177.27233584199246,2025-03-30 00:19:24
124,1,201.33155616564537,2025-03-30 00:43:50
140,1,46.027500996444545,2025-03-30 00:24:13
349,3,124.10883857416687,2025-03-30 00:36:13
250,2,53.75547243034052,2025-03-30 00:51:39
188,1,29.511402747098472,2025-03-30 00:42:24
269,2,136.89698849798285,2025-03-30 00:56:29
317,3,115.60111165596014,2025-03-30 00:44:57
294,2,62.77643855414819,2025-03-30 00:43:23
320,3,243.03846428907679,2025-03-30 00:09:31
196,1,88.09934330968751,2025-03-30 00:54:18
300,3,218.0060943869501,2025-03-30 00:24:05
150,1,198.8322566128362,2025-03-30 00:51:58
175,1,211.9058224576337,2025-03-30 00:37:23
480,4,41.965587549254096,2025-03-30 00:39:36
248,2,153.14673026695752,2025-03-30 00:19:26
478,4,188.41534754224622,2025-03-30 00:59:43
453,4,218.700217440046,2025-03-30 00:37:55
254,2,74.31908114057043,2025-03-30 00:36:59
450,4,155.5385183554905,2025-03-30 00:48:36
587,5,98.17436042507332,2025-03-30 00:28:05
178,1,122.22957778229856,2025-03-30 00:11:08
358,3,177.07791792289132,2025-03-30 00:29:42
572,5,158.62703578020427,2025-03-30 00:19:01
360,3,243.95515365507185,2025-03-30 00:16:59
338,3,154.13530358372677,2025-03-30 00:58:55
396,3,141.55082149540465,2025-03-30 00:49:33
376,3,68.99291136011266,2025-03-30 00:39:20
334,3,167.9069405263598,2025-03-30 00:45:42
516,5,179.47315195430662,2025-03-30 00:48:28
384,3,110.80133368086574,2025-03-30 00:31:11
372,3,157.30181160932966,2025-03-30 00:04:30
364,3,134.94768640898036,2025-03-30 00:20:12
435,4,36.99311096476519,2025-03-30 00:33:35
133,1,126.65683058722068,2025-03-30 00:06:52
511,5,37.99034880840898,2025-03-30 00:04:06
288,2,122.58656824567376,2025-03-30 00:44:08
138,1,222.48794788843057,2025-03-30 00:04:09
127,1,159.1833539170794,2025-03-30 00:03:47
593,5,213.80516579186053,2025-03-30 00:00:35
379,3,229.29310182773668,2025-03-30 00:47:06
